order,name,description,0,0,units,region,2010,2011,2012,2013,2014,2015,2016,2017,2018,2019,2020
1,ABUY(USA),new purchases of foreign assets,,,gdp,USA,0,0,0,0,0,0,0,0,0,0,0
2,ABUY(ROW),new purchases of foreign assets,,,gdp,ROW,0,0,0,0,0,0,0,0,0,0,0
3,"ASSE(USA,USA)","assets in each currency, including own",,,usgdp,USA,0,0,0,0,0,0,0,0,0,0,0
4,"ASSE(USA,ROW)","assets in each currency, including own",,,usgdp,USA,0,0,0,0,0,0,0,0,0,0,0
5,"ASSE(ROW,USA)","assets in each currency, including own",,,usgdp,USA,0,0,0,0,0,0,0,0,0,0,0
6,"ASSE(ROW,ROW)","assets in each currency, including own",,,usgdp,USA,0,0,0,0,0,0,0,0,0,0,0
7,ASSU(USA),"assets held by region, in US$",,,gdp,USA,0,0,0,0,0,0,0,0,0,0,0
8,ASSU(ROW),"assets held by region, in US$",,,gdp,ROW,0,0,0,0,0,0,0,0,0,0,0
9,BCOL(USA),Quads from coal,,,btu,USA,20.834,19.6578,17.3782,18.0386,17.9976,15.5489,14.2259,13.8375,13.2515,11.3156,9.1811
10,BCOL(ROW),Quads from coal,,,btu,ROW,20.834,19.6578,17.3782,18.0386,17.9976,15.5489,14.2259,13.8375,13.2515,11.3156,9.1811
11,"BCT(g01,USA,USA)",unit border tax adjustment,,,dollar,USA,0,0,0,0,0,0,0,0,0,0,0
12,"BCT(g01,USA,ROW)",unit border tax adjustment,,,dollar,USA,0,0,0,0,0,0,0,0,0,0,0
13,"BCT(g01,ROW,USA)",unit border tax adjustment,,,dollar,ROW,0,0,0,0,0,0,0,0,0,0,0
14,"BCT(g01,ROW,ROW)",unit border tax adjustment,,,dollar,ROW,0,0,0,0,0,0,0,0,0,0,0
15,"BCT(g02,USA,USA)",unit border tax adjustment,,,dollar,USA,0,0,0,0,0,0,0,0,0,0,0
16,"BCT(g02,USA,ROW)",unit border tax adjustment,,,dollar,USA,0,0,0,0,0,0,0,0,0,0,0
17,"BCT(g02,ROW,USA)",unit border tax adjustment,,,dollar,ROW,0,0,0,0,0,0,0,0,0,0,0
18,"BCT(g02,ROW,ROW)",unit border tax adjustment,,,dollar,ROW,0,0,0,0,0,0,0,0,0,0,0
19,BGAS(USA),Quads from gas,,,btu,USA,24.5748,24.9545,26.0886,26.8051,27.3828,28.1911,28.4004,28.0551,31.1628,32.2637,31.577
20,BGAS(ROW),Quads from gas,,,btu,ROW,24.5748,24.9545,26.0886,26.8051,27.3828,28.1911,28.4004,28.0551,31.1628,32.2637,31.577
21,BOIL(USA),Quads from oil,,,btu,USA,36.4442,35.8454,35.0397,35.7004,35.9778,36.7403,37.1942,37.5229,38.3546,38.3294,33.6445
22,BOIL(ROW),Quads from oil,,,btu,ROW,36.4442,35.8454,35.0397,35.7004,35.9778,36.7403,37.1942,37.5229,38.3546,38.3294,33.6445
23,BOND(USA),bonds,,,gdp,USA,70,76.77419355,80.24691358,80.35714286,80.57142857,80.21978022,81.28342246,81.53846154,83.00970874,84.57943925,88.34080717
24,BOND(ROW),bonds,,,gdp,ROW,70,76.77419355,80.24691358,80.35714286,80.57142857,80.21978022,81.28342246,81.53846154,83.00970874,84.57943925,88.34080717
25,"CAP(a01,USA)",capital stock,,,gdp,USA,34.12439658,33.65576077,33.7593417,34.15739484,34.14311892,34.47595149,34.77123514,34.66856658,34.42363869,34.65463128,34.67227229
26,"CAP(a01,ROW)",capital stock,,,gdp,ROW,34.12439658,33.65576077,33.7593417,34.15739484,34.14311892,34.47595149,34.77123514,34.66856658,34.42363869,34.65463128,34.67227229
27,"CAP(a02,USA)",capital stock,,,gdp,USA,261.5688689,262.0375047,261.9339237,261.5358706,261.5501465,261.2173139,260.9220303,261.0246989,261.2696267,261.0386342,261.0209931
28,"CAP(a02,ROW)",capital stock,,,gdp,ROW,261.5688689,262.0375047,261.9339237,261.5358706,261.5501465,261.2173139,260.9220303,261.0246989,261.2696267,261.0386342,261.0209931
29,CAPY(USA),raw invt capital stock,,,gdp,USA,10.25780442,10.74206693,11.46947522,11.77704654,12.29071678,12.38049239,12.23820954,12.41602184,12.65109698,12.50343897,12.44756491
30,CAPY(ROW),raw invt capital stock,,,gdp,ROW,10.25780442,10.74206693,11.46947522,11.77704654,12.29071678,12.38049239,12.23820954,12.41602184,12.65109698,12.50343897,12.44756491
31,CAPZ(USA),household capital stock,,,gdp,USA,107.7173127,108.8112144,108.2714596,107.6519234,107.520424,107.6089154,107.9606599,108.3673246,108.0748291,108.2360214,108.3287359
32,CAPZ(ROW),household capital stock,,,gdp,ROW,107.7173127,108.8112144,108.2714596,107.6519234,107.520424,107.6089154,107.9606599,108.3673246,108.0748291,108.2360214,108.3287359
33,CNPE(USA),household demand for energy,,,gdp,USA,2.22993202,2.246460782,2.235011356,2.224634833,2.220723172,2.223636437,2.231860819,2.238344901,2.231185207,2.235627287,2.237566105
34,CNPE(ROW),household demand for energy,,,gdp,ROW,2.22993202,2.246460782,2.235011356,2.224634833,2.220723172,2.223636437,2.231860819,2.238344901,2.231185207,2.235627287,2.237566105
35,CNPK(USA),household capital services,,,gdp,USA,6.769623714,6.819801701,6.785043554,6.753542523,6.741667508,6.750511595,6.775479159,6.795163525,6.773428137,6.786913396,6.792799255
36,CNPK(ROW),household capital services,,,gdp,ROW,6.769623714,6.819801701,6.785043554,6.753542523,6.741667508,6.750511595,6.775479159,6.795163525,6.773428137,6.786913396,6.792799255
37,CNPL(USA),household demand for labor,,,gdp,USA,2.84439152,2.865474796,2.850870472,2.837634689,2.832645167,2.836361185,2.846851802,2.855122578,2.845990024,2.851656123,2.854129183
38,CNPL(ROW),household demand for labor,,,gdp,ROW,2.84439152,2.865474796,2.850870472,2.837634689,2.832645167,2.836361185,2.846851802,2.855122578,2.845990024,2.851656123,2.854129183
39,CNPO(USA),household demand for material,,,gdp,USA,54.65789839,55.06303513,54.78239808,54.52805896,54.43218016,54.50358726,54.70517521,54.86410665,54.68861527,54.79749517,54.84501756
40,CNPO(ROW),household demand for material,,,gdp,ROW,54.65789839,55.06303513,54.78239808,54.52805896,54.43218016,54.50358726,54.70517521,54.86410665,54.68861527,54.79749517,54.84501756
41,"CON(g01,USA)",household demand for goods,,,gdp,USA,2.22993202,2.246460782,2.235011356,2.224634833,2.220723172,2.223636437,2.231860819,2.238344901,2.231185207,2.235627287,2.237566105
42,"CON(g01,ROW)",household demand for goods,,,gdp,ROW,2.22993202,2.246460782,2.235011356,2.224634833,2.220723172,2.223636437,2.231860819,2.238344901,2.231185207,2.235627287,2.237566105
43,"CON(g02,USA)",household demand for goods,,,gdp,USA,54.65789839,55.06303513,54.78239808,54.52805896,54.43218016,54.50358726,54.70517521,54.86410665,54.68861527,54.79749517,54.84501756
44,"CON(g02,ROW)",household demand for goods,,,gdp,ROW,54.65789839,55.06303513,54.78239808,54.52805896,54.43218016,54.50358726,54.70517521,54.86410665,54.68861527,54.79749517,54.84501756
45,CONP(USA),national accounts consumption,,,gdp,USA,66.50184564,66.99477241,66.65332346,66.34387101,66.22721601,66.31409648,66.55936699,66.75273765,66.53921864,66.67169198,66.7295121
46,CONP(ROW),national accounts consumption,,,gdp,ROW,66.50184564,66.99477241,66.65332346,66.34387101,66.22721601,66.31409648,66.55936699,66.75273765,66.53921864,66.67169198,66.7295121
47,CURN(USA),"current account, dom currency, using INAS",,,gdp,USA,0,0,0,0,0,0,0,0,0,0,0
48,CURN(ROW),"current account, dom currency, using INAS",,,gdp,ROW,0,0,0,0,0,0,0,0,0,0,0
49,CURR(USA),"current account, US$, using IRAS",,,gdp,USA,0,0,0,0,0,0,0,0,0,0,0
50,CURR(ROW),"current account, US$, using IRAS",,,gdp,ROW,0,0,0,0,0,0,0,0,0,0,0
51,DEFI(USA),"fiscal deficit, using INTR",,,gdp,USA,11.08615616,9.702823325,7.924929411,4.479064614,4.542459882,3.893550981,3.937716767,2.365775813,5.184425725,5.227210352,5.04047603
52,DEFI(ROW),"fiscal deficit, using INTR",,,gdp,ROW,11.08615616,9.702823325,7.924929411,4.479064614,4.542459882,3.893550981,3.937716767,2.365775813,5.184425725,5.227210352,5.04047603
53,DEFN(USA),"fiscal deficit, using INTN",,,gdp,USA,12.53333333,11.16129032,9.320987654,5.952380952,5.377142857,4.71978022,5.454545455,4.328205128,6.650485437,7.056074766,6.950672646
54,DEFN(ROW),"fiscal deficit, using INTN",,,gdp,ROW,12.53333333,11.16129032,9.320987654,5.952380952,5.377142857,4.71978022,5.454545455,4.328205128,6.650485437,7.056074766,6.950672646
55,DEFX(USA),"fiscal deficit, using INTR (exog)",,,gdp,USA,11.08615616,9.702823325,7.924929411,4.479064614,4.542459882,3.893550981,3.937716767,2.365775813,5.184425725,5.227210352,5.04047603
56,DEFX(ROW),"fiscal deficit, using INTR (exog)",,,gdp,ROW,11.08615616,9.702823325,7.924929411,4.479064614,4.542459882,3.893550981,3.937716767,2.365775813,5.184425725,5.227210352,5.04047603
57,ECOL(USA),CO2 emissions from coal,,,mmt,USA,1985.9386,1875.6011,1657.8733,1717.8445,1713.3671,1481.8979,1355.2003,1317.952,1262.5554,1077.5199,876.1955
58,ECOL(ROW),CO2 emissions from coal,,,mmt,ROW,1985.9386,1875.6011,1657.8733,1717.8445,1713.3671,1481.8979,1355.2003,1317.952,1262.5554,1077.5199,876.1955
59,EGAS(USA),CO2 emissions from gas,,,mmt,USA,1292.4381,1312.328,1371.561,1408.3798,1437.5362,1478.8843,1489.8513,1470.9644,1626.9076,1684.6237,1649.8227
60,EGAS(ROW),CO2 emissions from gas,,,mmt,ROW,1292.4381,1312.328,1371.561,1408.3798,1437.5362,1478.8843,1489.8513,1470.9644,1626.9076,1684.6237,1649.8227
61,"EN(a01,g01,USA)",sector demand for energy goods,,,gdp,USA,4.22561877,4.156270598,4.168491602,4.222220385,4.218187355,4.261387306,4.29972732,4.283351944,4.250960389,4.281619635,4.283844744
62,"EN(a01,g01,ROW)",sector demand for energy goods,,,gdp,ROW,4.22561877,4.156270598,4.168491602,4.222220385,4.218187355,4.261387306,4.29972732,4.283351944,4.250960389,4.281619635,4.283844744
63,"EN(a02,g01,USA)",sector demand for energy goods,,,gdp,USA,4.202897035,4.198993687,4.19675942,4.194930639,4.192904842,4.189614559,4.186671726,4.18472421,4.186552791,4.184937276,4.184698946
64,"EN(a02,g01,ROW)",sector demand for energy goods,,,gdp,ROW,4.202897035,4.198993687,4.19675942,4.194930639,4.192904842,4.189614559,4.186671726,4.18472421,4.186552791,4.184937276,4.184698946
65,"ENT(a01,USA)",sector demand for energy,,,gdp,USA,4.22561877,4.156270598,4.168491602,4.222220385,4.218187355,4.261387306,4.29972732,4.283351944,4.250960389,4.281619635,4.283844744
66,"ENT(a01,ROW)",sector demand for energy,,,gdp,ROW,4.22561877,4.156270598,4.168491602,4.222220385,4.218187355,4.261387306,4.29972732,4.283351944,4.250960389,4.281619635,4.283844744
67,"ENT(a02,USA)",sector demand for energy,,,gdp,USA,4.202897035,4.198993687,4.19675942,4.194930639,4.192904842,4.189614559,4.186671726,4.18472421,4.186552791,4.184937276,4.184698946
68,"ENT(a02,ROW)",sector demand for energy,,,gdp,ROW,4.202897035,4.198993687,4.19675942,4.194930639,4.192904842,4.189614559,4.186671726,4.18472421,4.186552791,4.184937276,4.184698946
69,EOIL(USA),CO2 emissions from oil,,,mmt,USA,2315.1834,2266.6699,2206.7847,2232.566,2262.9373,2301.2851,2323.8872,2342.5287,2388.3434,2384.7557,2053.8332
70,EOIL(ROW),CO2 emissions from oil,,,mmt,ROW,2315.1834,2266.6699,2206.7847,2232.566,2262.9373,2301.2851,2323.8872,2342.5287,2388.3434,2384.7557,2053.8332
71,EPRC(USA),expected PRCT inflation rate,,,pct,USA,0,0,0,0,0,0,0,0,0,0,0
72,EPRC(ROW),expected PRCT inflation rate,,,pct,ROW,0,0,0,0,0,0,0,0,0,0,0
73,EXCH(USA),exch rate as US$ per unit of region currency,,,idx,USA,100,100,100,100,100,100,100,100,100,100,100
74,EXCH(ROW),exch rate as US$ per unit of region currency,,,idx,ROW,100,100,100,100,100,100,100,100,100,100,100
75,EXCL(USA),exch rate as US$ per unit of region currency - lagged,,,idx,USA,100,100,100,100,100,100,100,100,100,100,100
76,EXCL(ROW),exch rate as US$ per unit of region currency - lagged,,,idx,ROW,100,100,100,100,100,100,100,100,100,100,100
77,EXCR(USA),country risk premium relative to US,,,pct,USA,0,0,0,0,0,0,0,0,0,0,0
78,EXCR(ROW),country risk premium relative to US,,,pct,ROW,0,0,0,0,0,0,0,0,0,0,0
79,EXCX(USA),exchange rate target,,,pct,USA,0,0,0,0,0,0,0,0,0,0,0
80,EXCX(ROW),exchange rate target,,,pct,ROW,0,0,0,0,0,0,0,0,0,0,0
81,"EXQ(g01,USA)","exports, EXP.xx",,,gdp,USA,2.424527011,2.983982481,2.668228049,2.316547454,2.045374056,1.100045893,0.871478508,1.04504201,1.170873141,0.980069997,0.940515603
82,"EXQ(g01,ROW)","exports, EXP.xx",,,gdp,ROW,2.424527011,2.983982481,2.668228049,2.316547454,2.045374056,1.100045893,0.871478508,1.04504201,1.170873141,0.980069997,0.940515603
83,"EXQ(g02,USA)","exports, EXP.xx",,,gdp,USA,13.28125801,14.20711853,14.30830903,13.98471079,14.20781234,14.03227775,13.58527912,13.77682755,13.92535726,13.4308625,12.88880976
84,"EXQ(g02,ROW)","exports, EXP.xx",,,gdp,ROW,13.28125801,14.20711853,14.30830903,13.98471079,14.20781234,14.03227775,13.58527912,13.77682755,13.92535726,13.4308625,12.88880976
85,EXQT(USA),value of exports at source,,,gdp,USA,15.70578502,17.19110101,16.97653708,16.30125824,16.25318639,15.13232365,14.45675763,14.82186956,15.0962304,14.4109325,13.82932536
86,EXQT(ROW),value of exports at source,,,gdp,ROW,15.70578502,17.19110101,16.97653708,16.30125824,16.25318639,15.13232365,14.45675763,14.82186956,15.0962304,14.4109325,13.82932536
87,EYGR(USA),expected output growth,,,pct,USA,1.217342738,1.366590743,1.432669361,1.348958949,1.385385559,1.386517645,1.333717913,1.396608001,1.405803026,1.397698065,0
88,EYGR(ROW),expected output growth,,,pct,ROW,1.217342738,1.366590743,1.432669361,1.348958949,1.385385559,1.386517645,1.333717913,1.396608001,1.405803026,1.397698065,0
89,"GCE(g01,USA)",government purchases of goods and services,,,gdp,USA,3.11E-09,2.99E-09,2.86E-09,2.75E-09,2.67E-09,2.63E-09,2.61E-09,2.56E-09,2.58E-09,2.58E-09,2.59E-09
90,"GCE(g01,ROW)",government purchases of goods and services,,,gdp,ROW,3.11E-09,2.99E-09,2.86E-09,2.75E-09,2.67E-09,2.63E-09,2.61E-09,2.56E-09,2.58E-09,2.58E-09,2.59E-09
91,"GCE(g02,USA)",government purchases of goods and services,,,gdp,USA,21.15685211,20.35386816,19.48500006,18.75625238,18.16789289,17.90162492,17.75093726,17.45043656,17.56013153,17.53486919,17.6062631
92,"GCE(g02,ROW)",government purchases of goods and services,,,gdp,ROW,21.15685211,20.35386816,19.48500006,18.75625238,18.16789289,17.90162492,17.75093726,17.45043656,17.56013153,17.53486919,17.6062631
93,GCET(USA),national accounts government spending excluding labor,,,gdp,USA,21.15685211,20.35386816,19.48500007,18.75625238,18.1678929,17.90162493,17.75093726,17.45043656,17.56013153,17.5348692,17.6062631
94,GCET(ROW),national accounts government spending excluding labor,,,gdp,ROW,21.15685211,20.35386816,19.48500007,18.75625238,18.1678929,17.90162493,17.75093726,17.45043656,17.56013153,17.5348692,17.6062631
95,GDPN(USA),"GDP, nominal",,,gdp,USA,87.04107435,88.85928808,90.56346945,92.1527898,93.85795866,94.83533787,95.8171485,97.62197839,100,101.7818187,104.0066176
96,GDPN(ROW),"GDP, nominal",,,gdp,ROW,87.04107435,88.85928808,90.56346945,92.1527898,93.85795866,94.83533787,95.8171485,97.62197839,100,101.7818187,104.0066176
97,GDPR(USA),"GDP, real",,,gdp,USA,100,100,100,100,100,100,100,100,100,100,100
98,GDPR(ROW),"GDP, real",,,gdp,ROW,100,100,100,100,100,100,100,100,100,100,100
99,GNEN(USA),"GNE, nominal",,,gdp,USA,100,100,100,100,100,100,100,100,100,100,100
100,GNEN(ROW),"GNE, nominal",,,gdp,ROW,100,100,100,100,100,100,100,100,100,100,100
101,GNER(USA),"GNE, real",,,gdp,USA,100,100,100,100,100,100,100,100,100,100,100
102,GNER(ROW),"GNE, real",,,gdp,ROW,100,100,100,100,100,100,100,100,100,100,100
103,GNPR(USA),GNP = GDPR plus PBAL and interest,,,gdp,USA,99.41862408,99.41862408,99.41862408,99.41862408,99.41862408,99.41862408,99.41862408,99.41862408,99.41862408,99.41862408,99.41862408
104,GNPR(ROW),GNP = GDPR plus PBAL and interest,,,gdp,ROW,99.41862408,99.41862408,99.41862408,99.41862408,99.41862408,99.41862408,99.41862408,99.41862408,99.41862408,99.41862408,99.41862408
105,GOVL(USA),labor used by government,,,gdp,USA,1.15E-08,1.11E-08,1.06E-08,1.02E-08,9.88E-09,9.74E-09,9.66E-09,9.49E-09,9.55E-09,9.54E-09,9.58E-09
106,GOVL(ROW),labor used by government,,,gdp,ROW,1.15E-08,1.11E-08,1.06E-08,1.02E-08,9.88E-09,9.74E-09,9.66E-09,9.49E-09,9.55E-09,9.54E-09,9.58E-09
107,GOVS(USA),government spending excluding labor,,,gdp,USA,21.15685211,20.35386816,19.48500007,18.75625238,18.1678929,17.90162493,17.75093726,17.45043656,17.56013153,17.5348692,17.6062631
108,GOVS(ROW),government spending excluding labor,,,gdp,ROW,21.15685211,20.35386816,19.48500007,18.75625238,18.1678929,17.90162493,17.75093726,17.45043656,17.56013153,17.5348692,17.6062631
109,GOVT(USA),national accounts government spending including labor,,,gdp,USA,21.15685212,20.35386817,19.48500008,18.75625239,18.16789291,17.90162494,17.75093727,17.45043657,17.56013154,17.53486921,17.60626311
110,GOVT(ROW),national accounts government spending including labor,,,gdp,ROW,21.15685212,20.35386817,19.48500008,18.75625239,18.16789291,17.90162494,17.75093727,17.45043657,17.56013154,17.53486921,17.60626311
111,"IIN(g01,USA)",raw capital sector demand for goods,,,gdp,USA,3.15E-16,3.29E-16,3.51E-16,3.61E-16,3.77E-16,3.80E-16,3.75E-16,3.81E-16,3.88E-16,3.83E-16,3.82E-16
112,"IIN(g01,ROW)",raw capital sector demand for goods,,,gdp,ROW,3.15E-16,3.29E-16,3.51E-16,3.61E-16,3.77E-16,3.80E-16,3.75E-16,3.81E-16,3.88E-16,3.83E-16,3.82E-16
113,"IIN(g02,USA)",raw capital sector demand for goods,,,gdp,USA,12.89328045,13.46529708,14.37514359,14.77665835,15.41287188,15.53303594,15.36110168,15.57091108,15.85777132,15.68050199,15.61059656
114,"IIN(g02,ROW)",raw capital sector demand for goods,,,gdp,ROW,12.89328045,13.46529708,14.37514359,14.77665835,15.41287188,15.53303594,15.36110168,15.57091108,15.85777132,15.68050199,15.61059656
115,IITE(USA),raw capital sector demand for energy,,,gdp,USA,3.15E-16,3.29E-16,3.51E-16,3.61E-16,3.77E-16,3.80E-16,3.75E-16,3.81E-16,3.88E-16,3.83E-16,3.82E-16
116,IITE(ROW),raw capital sector demand for energy,,,gdp,ROW,3.15E-16,3.29E-16,3.51E-16,3.61E-16,3.77E-16,3.80E-16,3.75E-16,3.81E-16,3.88E-16,3.83E-16,3.82E-16
117,IITL(USA),raw capital sector demand for labor,,,gdp,USA,0.644664023,0.673264854,0.71875718,0.738832917,0.770643594,0.776651797,0.768055084,0.778545554,0.792888566,0.784025099,0.780529828
118,IITL(ROW),raw capital sector demand for labor,,,gdp,ROW,0.644664023,0.673264854,0.71875718,0.738832917,0.770643594,0.776651797,0.768055084,0.778545554,0.792888566,0.784025099,0.780529828
119,IITO(USA),raw capital sector demand for material,,,gdp,USA,12.89328045,13.46529708,14.37514359,14.77665835,15.41287188,15.53303594,15.36110168,15.57091108,15.85777132,15.68050199,15.61059656
120,IITO(ROW),raw capital sector demand for material,,,gdp,ROW,12.89328045,13.46529708,14.37514359,14.77665835,15.41287188,15.53303594,15.36110168,15.57091108,15.85777132,15.68050199,15.61059656
121,"IMP(g01,USA,USA)","individual imports, IMP.xy",,,gdp,USA,0,0,0,0,0,0,0,0,0,0,0
122,"IMP(g01,USA,ROW)","individual imports, IMP.xy",,,gdp,USA,2.424527011,2.983982481,2.668228049,2.316547454,2.045374056,1.100045893,0.871478508,1.04504201,1.170873141,0.980069997,0.940515603
123,"IMP(g01,ROW,USA)","individual imports, IMP.xy",,,gdp,ROW,2.424527011,2.983982481,2.668228049,2.316547454,2.045374056,1.100045893,0.871478508,1.04504201,1.170873141,0.980069997,0.940515603
124,"IMP(g01,ROW,ROW)","individual imports, IMP.xy",,,gdp,ROW,0,0,0,0,0,0,0,0,0,0,0
125,"IMP(g02,USA,USA)","individual imports, IMP.xy",,,gdp,USA,0,0,0,0,0,0,0,0,0,0,0
126,"IMP(g02,USA,ROW)","individual imports, IMP.xy",,,gdp,USA,13.28125801,14.20711853,14.30830903,13.98471079,14.20781234,14.03227775,13.58527912,13.77682755,13.92535726,13.4308625,12.88880976
127,"IMP(g02,ROW,USA)","individual imports, IMP.xy",,,gdp,ROW,13.28125801,14.20711853,14.30830903,13.98471079,14.20781234,14.03227775,13.58527912,13.77682755,13.92535726,13.4308625,12.88880976
128,"IMP(g02,ROW,ROW)","individual imports, IMP.xy",,,gdp,ROW,0,0,0,0,0,0,0,0,0,0,0
129,"IMPX(g01,USA,USA)",individual imports shift ,,,gdp,USA,0,0,0,0,0,0,0,0,0,0,0
130,"IMPX(g01,USA,ROW)",individual imports shift ,,,gdp,USA,0,0,0,0,0,0,0,0,0,0,0
131,"IMPX(g01,ROW,USA)",individual imports shift ,,,gdp,ROW,0,0,0,0,0,0,0,0,0,0,0
132,"IMPX(g01,ROW,ROW)",individual imports shift ,,,gdp,ROW,0,0,0,0,0,0,0,0,0,0,0
133,"IMPX(g02,USA,USA)",individual imports shift ,,,gdp,USA,0,0,0,0,0,0,0,0,0,0,0
134,"IMPX(g02,USA,ROW)",individual imports shift ,,,gdp,USA,0,0,0,0,0,0,0,0,0,0,0
135,"IMPX(g02,ROW,USA)",individual imports shift ,,,gdp,ROW,0,0,0,0,0,0,0,0,0,0,0
136,"IMPX(g02,ROW,ROW)",individual imports shift ,,,gdp,ROW,0,0,0,0,0,0,0,0,0,0,0
137,"IMQ(g01,USA)","DF imports by good, IMQ.xx",,,gdp,USA,2.424527011,2.983982481,2.668228049,2.316547454,2.045374056,1.100045893,0.871478508,1.04504201,1.170873141,0.980069997,0.940515603
138,"IMQ(g01,ROW)","DF imports by good, IMQ.xx",,,gdp,ROW,2.424527011,2.983982481,2.668228049,2.316547454,2.045374056,1.100045893,0.871478508,1.04504201,1.170873141,0.980069997,0.940515603
139,"IMQ(g02,USA)","DF imports by good, IMQ.xx",,,gdp,USA,13.28125801,14.20711853,14.30830903,13.98471079,14.20781234,14.03227775,13.58527912,13.77682755,13.92535726,13.4308625,12.88880976
140,"IMQ(g02,ROW)","DF imports by good, IMQ.xx",,,gdp,ROW,13.28125801,14.20711853,14.30830903,13.98471079,14.20781234,14.03227775,13.58527912,13.77682755,13.92535726,13.4308625,12.88880976
141,IMQT(USA),value of imports at destination,,,gdp,USA,15.70578502,17.19110101,16.97653708,16.30125824,16.25318639,15.13232365,14.45675763,14.82186956,15.0962304,14.4109325,13.82932536
142,IMQT(ROW),value of imports at destination,,,gdp,ROW,15.70578502,17.19110101,16.97653708,16.30125824,16.25318639,15.13232365,14.45675763,14.82186956,15.0962304,14.4109325,13.82932536
143,INAS(USA),net interest payments on foreign assets using INTN (USD),,,gdp,USA,0,0,0,0,0,0,0,0,0,0,0
144,INAS(ROW),net interest payments on foreign assets using INTN (USD),,,gdp,ROW,0,0,0,0,0,0,0,0,0,0,0
145,INCM(USA),after tax household income,,,gdp,USA,60,60,60,60,60,60,60,60,60,60,60
146,INCM(ROW),after tax household income,,,gdp,ROW,60,60,60,60,60,60,60,60,60,60,60
147,INFCL(USA),inflation rate in PRCO (core),,,pct,USA,0,0,0,0,0,0,0,0,0,0,0
148,INFCL(ROW),inflation rate in PRCO (core),,,pct,ROW,0,0,0,0,0,0,0,0,0,0,0
149,INFL(USA),inflation rate in PRCT,,,pct,USA,0,2.503082501,1.88716165,1.337413552,1.452957611,0.209613382,1.009319955,1.750719656,2.068700946,1.441170635,2.077529569
150,INFL(ROW),inflation rate in PRCT,,,pct,ROW,0,2.503082501,1.88716165,1.337413552,1.452957611,0.209613382,1.009319955,1.750719656,2.068700946,1.441170635,2.077529569
151,INFP(USA),inflation rate in PRID,,,pct,USA,2.067395959,1.899683904,1.739703349,1.833460332,1.035954047,1.029956997,1.866098451,2.406752933,1.766130413,2.162303783,2.162303783
152,INFP(ROW),inflation rate in PRID,,,pct,ROW,2.067395959,1.899683904,1.739703349,1.833460332,1.035954047,1.029956997,1.866098451,2.406752933,1.766130413,2.162303783,2.162303783
153,INFX(USA),shock to inflation target,,,pct,USA,2.5,2.5,2.5,2.5,2.5,2.5,2.5,2.5,2.5,2.5,2.5
154,INFX(ROW),shock to inflation target,,,pct,ROW,2.5,2.5,2.5,2.5,2.5,2.5,2.5,2.5,2.5,2.5,2.5
155,INPL(USA),"desired interest rate, short-run,  (lagged)",,,pct,USA,0.5275,0.419166667,0.42,0.335833333,0.279166667,0.465833333,0.855833333,1.276666667,2.366666667,2.305,1.7725
156,INPL(ROW),"desired interest rate, short-run,  (lagged)",,,pct,ROW,0.5275,0.419166667,0.42,0.335833333,0.279166667,0.465833333,0.855833333,1.276666667,2.366666667,2.305,1.7725
157,INPN(USA),"desired interest rate, short-run, nominal",,,pct,USA,0.5275,0.419166667,0.42,0.335833333,0.279166667,0.465833333,0.855833333,1.276666667,2.366666667,2.305,1.7725
158,INPN(ROW),"desired interest rate, short-run, nominal",,,pct,ROW,0.5275,0.419166667,0.42,0.335833333,0.279166667,0.465833333,0.855833333,1.276666667,2.366666667,2.305,1.7725
159,"INS(USA,g01)",shocks to aggregate investment demand,,,gdp,USA,0,0,0,0,0,0,0,0,0,0,0
160,"INS(USA,g02)",shocks to aggregate investment demand,,,gdp,USA,0,0,0,0,0,0,0,0,0,0,0
161,"INS(ROW,g01)",shocks to aggregate investment demand,,,gdp,ROW,0,0,0,0,0,0,0,0,0,0,0
162,"INS(ROW,g02)",shocks to aggregate investment demand,,,gdp,ROW,0,0,0,0,0,0,0,0,0,0,0
163,INTF(USA),"risk free interest rate, short-run, real",,,pct,USA,-1.372183904,-1.320536682,-1.413460332,-0.700120714,-0.75079033,-1.400265118,-1.5509196,-0.489463746,0.204362884,0.142696217,1.7725
164,INTF(ROW),"risk free interest rate, short-run, real",,,pct,ROW,-1.372183904,-1.320536682,-1.413460332,-0.700120714,-0.75079033,-1.400265118,-1.5509196,-0.489463746,0.204362884,0.142696217,1.7725
165,INTL(USA),"interest rate, short-run, nominal (lagged)",,,pct,USA,0.5275,0.5275,0.419166667,0.42,0.335833333,0.279166667,0.465833333,0.855833333,1.276666667,2.366666667,2.305
166,INTL(ROW),"interest rate, short-run, nominal (lagged)",,,pct,ROW,0.5275,0.5275,0.419166667,0.42,0.335833333,0.279166667,0.465833333,0.855833333,1.276666667,2.366666667,2.305
167,INTN(USA),"interest rate, short (policy), nominal",,,pct,USA,0.5275,0.419166667,0.42,0.335833333,0.279166667,0.465833333,0.855833333,1.276666667,2.366666667,2.305,1.7725
168,INTN(ROW),"interest rate, short (policy), nominal",,,pct,ROW,0.5275,0.419166667,0.42,0.335833333,0.279166667,0.465833333,0.855833333,1.276666667,2.366666667,2.305,1.7725
169,INTR(USA),"risk adjusted interest rate, short-run, real",,,pct,USA,-1.372183904,-1.320536682,-1.413460332,-0.700120714,-0.75079033,-1.400265118,-1.5509196,-0.489463746,0.204362884,0.142696217,1.7725
170,INTR(ROW),"risk adjusted interest rate, short-run, real",,,pct,ROW,-1.372183904,-1.320536682,-1.413460332,-0.700120714,-0.75079033,-1.400265118,-1.5509196,-0.489463746,0.204362884,0.142696217,1.7725
171,INTX(USA),shock to interest rate target,,,del,USA,0,0,0,0,0,0,0,0,0,0,0
172,INTX(ROW),shock to interest rate target,,,del,ROW,0,0,0,0,0,0,0,0,0,0,0
173,"INV(a01,USA)",raw investment,,,gdp,USA,1.63673987,1.685879785,1.805333382,1.877639547,1.957663353,1.992158367,1.986981088,2.008173177,2.030720614,2.021494184,2.013506595
174,"INV(a01,ROW)",raw investment,,,gdp,ROW,1.63673987,1.685879785,1.805333382,1.877639547,1.957663353,1.992158367,1.986981088,2.008173177,2.030720614,2.021494184,2.013506595
175,"INV(a02,USA)",raw investment,,,gdp,USA,12.54586863,13.125947,14.00732457,14.37668464,14.99649572,15.09418116,14.91023076,15.11982901,15.41282784,15.227058,15.15814962
176,"INV(a02,ROW)",raw investment,,,gdp,ROW,12.54586863,13.125947,14.00732457,14.37668464,14.99649572,15.09418116,14.91023076,15.11982901,15.41282784,15.227058,15.15814962
177,INVP(USA),total investment by standard sectors,,,gdp,USA,14.1826085,14.81182679,15.81265795,16.25432419,16.95415907,17.08633953,16.89721185,17.12800219,17.44354845,17.24855218,17.17165622
178,INVP(ROW),total investment by standard sectors,,,gdp,ROW,14.1826085,14.81182679,15.81265795,16.25432419,16.95415907,17.08633953,16.89721185,17.12800219,17.44354845,17.24855218,17.17165622
179,INVT(USA),total investment including by households,,,gdp,USA,19.84115773,20.80047347,22.21599096,22.81936107,23.82376815,24.01980742,23.76590315,24.12436519,24.56541691,24.29159687,24.18544165
180,INVT(ROW),total investment including by households,,,gdp,ROW,19.84115773,20.80047347,22.21599096,22.81936107,23.82376815,24.01980742,23.76590315,24.12436519,24.56541691,24.29159687,24.18544165
181,INVY(USA),raw investment,,,gdp,USA,0.492004524,0.538090154,0.613348053,0.647386853,0.704712592,0.715394368,0.699345042,0.719196796,0.746313998,0.729357901,0.722861595
182,INVY(ROW),raw investment,,,gdp,ROW,0.492004524,0.538090154,0.613348053,0.647386853,0.704712592,0.715394368,0.699345042,0.719196796,0.746313998,0.729357901,0.722861595
183,INVZ(USA),household investment,,,gdp,USA,5.166544702,5.450556532,5.78998495,5.917650033,6.164896481,6.218073521,6.169346261,6.277166202,6.375554461,6.313686788,6.290923836
184,INVZ(ROW),household investment,,,gdp,ROW,5.166544702,5.450556532,5.78998495,5.917650033,6.164896481,6.218073521,6.169346261,6.277166202,6.375554461,6.313686788,6.290923836
185,IRAS(USA),net interest payments on foreign assets using INTR (USD),,,gdp,USA,0,0,0,0,0,0,0,0,0,0,0
186,IRAS(ROW),net interest payments on foreign assets using INTR (USD),,,gdp,ROW,0,0,0,0,0,0,0,0,0,0,0
187,"JNV(a01,USA)",installed investment,,,gdp,USA,1.63673987,1.685879785,1.805333382,1.877639547,1.957663353,1.992158367,1.986981088,2.008173177,2.030720614,2.021494184,2.013506595
188,"JNV(a01,ROW)",installed investment,,,gdp,ROW,1.63673987,1.685879785,1.805333382,1.877639547,1.957663353,1.992158367,1.986981088,2.008173177,2.030720614,2.021494184,2.013506595
189,"JNV(a02,USA)",installed investment,,,gdp,USA,12.54586863,13.125947,14.00732457,14.37668464,14.99649572,15.09418116,14.91023076,15.11982901,15.41282784,15.227058,15.15814962
190,"JNV(a02,ROW)",installed investment,,,gdp,ROW,12.54586863,13.125947,14.00732457,14.37668464,14.99649572,15.09418116,14.91023076,15.11982901,15.41282784,15.227058,15.15814962
191,JNVY(USA),installed investment in the raw capital sector,,,gdp,USA,0.492004524,0.538090154,0.613348053,0.647386853,0.704712592,0.715394368,0.699345042,0.719196796,0.746313998,0.729357901,0.722861595
192,JNVY(ROW),installed investment in the raw capital sector,,,gdp,ROW,0.492004524,0.538090154,0.613348053,0.647386853,0.704712592,0.715394368,0.699345042,0.719196796,0.746313998,0.729357901,0.722861595
193,JNVZ(USA),installed household investment,,,gdp,USA,5.166544702,5.450556532,5.78998495,5.917650033,6.164896481,6.218073521,6.169346261,6.277166202,6.375554461,6.313686788,6.290923836
194,JNVZ(ROW),installed household investment,,,gdp,ROW,5.166544702,5.450556532,5.78998495,5.917650033,6.164896481,6.218073521,6.169346261,6.277166202,6.375554461,6.313686788,6.290923836
195,"LAB(a01,USA)",sector demand for labor,,,gdp,USA,0.661815332,0.650954039,0.65286809,0.661283078,0.660651426,0.667417391,0.673422194,0.670857487,0.66578433,0.670586173,0.670934669
196,"LAB(a01,ROW)",sector demand for labor,,,gdp,ROW,0.661815332,0.650954039,0.65286809,0.661283078,0.660651426,0.667417391,0.673422194,0.670857487,0.66578433,0.670586173,0.670934669
197,"LAB(a02,USA)",sector demand for labor,,,gdp,USA,63.01755616,62.95902999,62.92552975,62.8981093,62.86773483,62.81840086,62.7742765,62.74507576,62.77249322,62.74827044,62.74469696
198,"LAB(a02,ROW)",sector demand for labor,,,gdp,ROW,63.01755616,62.95902999,62.92552975,62.8981093,62.86773483,62.81840086,62.7742765,62.74507576,62.77249322,62.74827044,62.74469696
199,LABO(USA),total labor demanded,,,gdp,USA,67.16842705,67.14872369,67.1480255,67.13586,67.13167503,67.09883124,67.06260559,67.04960139,67.07715615,67.05453784,67.05029065
200,LABO(ROW),total labor demanded,,,gdp,ROW,67.16842705,67.14872369,67.1480255,67.13586,67.13167503,67.09883124,67.06260559,67.04960139,67.07715615,67.05453784,67.05029065
201,LABX(USA),shock to total labor supply,,,gdp,USA,67.16842705,67.14872369,67.1480255,67.13586,67.13167503,67.09883124,67.06260559,67.04960139,67.07715615,67.05453784,67.05029065
202,LABX(ROW),shock to total labor supply,,,gdp,ROW,67.16842705,67.14872369,67.1480255,67.13586,67.13167503,67.09883124,67.06260559,67.04960139,67.07715615,67.05453784,67.05029065
203,"LAM(a01,USA)",marginal value of an additional unit of capital,,,pct,USA,119.1855685,120.0367455,121.3906231,121.9880884,122.9347923,123.1135998,122.8577568,123.1699591,123.5968153,123.3330335,123.2290123
204,"LAM(a01,ROW)",marginal value of an additional unit of capital,,,pct,ROW,119.1855685,120.0367455,121.3906231,121.9880884,122.9347923,123.1135998,122.8577568,123.1699591,123.5968153,123.3330335,123.2290123
205,"LAM(a02,USA)",marginal value of an additional unit of capital,,,pct,USA,119.1855685,120.0367455,121.3906231,121.9880884,122.9347923,123.1135998,122.8577568,123.1699591,123.5968153,123.3330335,123.2290123
206,"LAM(a02,ROW)",marginal value of an additional unit of capital,,,pct,ROW,119.1855685,120.0367455,121.3906231,121.9880884,122.9347923,123.1135998,122.8577568,123.1699591,123.5968153,123.3330335,123.2290123
207,LAMY(USA),marginal value of an additional unit of capital in the raw capital sector,,,pct,USA,119.1855685,120.0367455,121.3906231,121.9880884,122.9347923,123.1135998,122.8577568,123.1699591,123.5968153,123.3330335,123.2290123
208,LAMY(ROW),marginal value of an additional unit of capital in the raw capital sector,,,pct,ROW,119.1855685,120.0367455,121.3906231,121.9880884,122.9347923,123.1135998,122.8577568,123.1699591,123.5968153,123.3330335,123.2290123
209,LAMZ(USA),marginal value of an additional unit of household capital,,,pct,USA,119.1855685,120.0367455,121.3906231,121.9880884,122.9347923,123.1135998,122.8577568,123.1699591,123.5968153,123.3330335,123.2290123
210,LAMZ(ROW),marginal value of an additional unit of household capital,,,pct,ROW,119.1855685,120.0367455,121.3906231,121.9880884,122.9347923,123.1135998,122.8577568,123.1699591,123.5968153,123.3330335,123.2290123
211,LGDPN(USA),"GDP, nominal",,,nomusdbillion,USA,15000,15500,16200,16800,17500,18200,18700,19500,20600,21400,22300
212,LGDPN(ROW),"GDP, nominal",,,nomusdbillion,ROW,15000,15500,16200,16800,17500,18200,18700,19500,20600,21400,22300
213,LGDPR(USA),"GDP, real",,,realusdbillion,USA,17233.24316,17443.30878,17888.00726,18230.59295,18645.19562,19191.15849,19516.3395,19975.01005,20600,21025.36609,21440.94338
214,LGDPR(ROW),"GDP, real",,,realusdbillion,ROW,17233.24316,17443.30878,17888.00726,18230.59295,18645.19562,19191.15849,19516.3395,19975.01005,20600,21025.36609,21440.94338
215,MONE(USA),money demand,,,idx,USA,143.9392454,146.7732223,149.5373863,152.2882587,155.0797277,156.4963604,157.725708,160.1852028,163.0120741,165.9876863,170.1548025
216,MONE(ROW),money demand,,,idx,ROW,143.9392454,146.7732223,149.5373863,152.2882587,155.0797277,156.4963604,157.725708,160.1852028,163.0120741,165.9876863,170.1548025
217,NB02(USA),"interest rate, 2-year, nominal",,,pct,USA,0.796166667,0.655833334,0.55825,0.537333333,0.505333334,0.632833333,0.954416666,1.382,2.421,2.286438017,1.786458037
218,NB02(ROW),"interest rate, 2-year, nominal",,,pct,ROW,0.796166667,0.655833334,0.55825,0.537333333,0.505333334,0.632833333,0.954416666,1.382,2.421,2.286438017,1.786458037
219,NB05(USA),"interest rate, 5-year, nominal",,,pct,USA,1.870833334,1.6025,1.11125,1.343333333,1.41,1.300833333,1.34875,1.803333334,2.638333334,2.212190083,1.842290184
220,NB05(ROW),"interest rate, 5-year, nominal",,,pct,ROW,1.870833334,1.6025,1.11125,1.343333333,1.41,1.300833333,1.34875,1.803333334,2.638333334,2.212190083,1.842290184
221,NB10(USA),"interest rate, 10-year, nominal",,,pct,USA,3.214166667,2.785833333,1.8025,2.350833333,2.540833333,2.135833333,1.841666667,2.33,2.91,2.119380165,1.912080367
222,NB10(ROW),"interest rate, 10-year, nominal",,,pct,ROW,3.214166667,2.785833333,1.8025,2.350833333,2.540833333,2.135833333,1.841666667,2.33,2.91,2.119380165,1.912080367
223,NEER(USA),"trade-weighted exchange rate, FC/domestic",,,idx,USA,70.17816964,69.08991795,78.10750047,76.22067072,77.34852446,91.41422597,99.05700056,101.0557243,100,107.5900723,110.4018201
224,NEER(ROW),"trade-weighted exchange rate, FC/domestic",,,idx,ROW,70.17816964,69.08991795,78.10750047,76.22067072,77.34852446,91.41422597,99.05700056,101.0557243,100,107.5900723,110.4018201
225,"OI(a01,g02,USA)",sector demand for material goods,,,gdp,USA,1.572407947,1.546602586,1.551150182,1.571143364,1.569642621,1.585717887,1.599984707,1.593891215,1.581837895,1.593246601,1.594074593
226,"OI(a01,g02,ROW)",sector demand for material goods,,,gdp,ROW,1.572407947,1.546602586,1.551150182,1.571143364,1.569642621,1.585717887,1.599984707,1.593891215,1.581837895,1.593246601,1.594074593
227,"OI(a02,g02,USA)",sector demand for material goods,,,gdp,USA,68.37738344,68.31387945,68.27752992,68.24777728,68.21481937,68.1612894,68.11341213,68.08172779,68.11147718,68.08519418,68.08131677
228,"OI(a02,g02,ROW)",sector demand for material goods,,,gdp,ROW,68.37738344,68.31387945,68.27752992,68.24777728,68.21481937,68.1612894,68.11341213,68.08172779,68.11147718,68.08519418,68.08131677
229,"OIN(a01,USA)",sector demand for materials,,,gdp,USA,1.572407947,1.546602586,1.551150182,1.571143364,1.569642621,1.585717887,1.599984707,1.593891215,1.581837895,1.593246601,1.594074593
230,"OIN(a01,ROW)",sector demand for materials,,,gdp,ROW,1.572407947,1.546602586,1.551150182,1.571143364,1.569642621,1.585717887,1.599984707,1.593891215,1.581837895,1.593246601,1.594074593
231,"OIN(a02,USA)",sector demand for materials,,,gdp,USA,68.37738344,68.31387945,68.27752992,68.24777728,68.21481937,68.1612894,68.11341213,68.08172779,68.11147718,68.08519418,68.08131677
232,"OIN(a02,ROW)",sector demand for materials,,,gdp,ROW,68.37738344,68.31387945,68.27752992,68.24777728,68.21481937,68.1612894,68.11341213,68.08172779,68.11147718,68.08519418,68.08131677
233,"OUG(g01,USA)",domestic supply of goods,,,gdp,USA,9.602373427,9.444785371,9.472556604,9.594650875,9.585486144,9.683654503,9.770779052,9.733567347,9.659960185,9.729630817,9.734687196
234,"OUG(g01,ROW)",domestic supply of goods,,,gdp,ROW,9.602373427,9.444785371,9.472556604,9.594650875,9.585486144,9.683654503,9.770779052,9.733567347,9.659960185,9.729630817,9.734687196
235,"OUG(g02,USA)",domestic supply of goods,,,gdp,USA,156.2911842,156.1460322,156.0629475,155.9949415,155.9196091,155.7972549,155.6878211,155.6153997,155.6833983,155.6233229,155.6144603
236,"OUG(g02,ROW)",domestic supply of goods,,,gdp,ROW,156.2911842,156.1460322,156.0629475,155.9949415,155.9196091,155.7972549,155.6878211,155.6153997,155.6833983,155.6233229,155.6144603
237,"OUP(a01,USA)",domestic production,,,gdp,USA,9.602373427,9.444785371,9.472556604,9.594650875,9.585486144,9.683654503,9.770779052,9.733567347,9.659960185,9.729630817,9.734687196
238,"OUP(a01,ROW)",domestic production,,,gdp,ROW,9.602373427,9.444785371,9.472556604,9.594650875,9.585486144,9.683654503,9.770779052,9.733567347,9.659960185,9.729630817,9.734687196
239,"OUP(a02,USA)",domestic production,,,gdp,USA,156.2911842,156.1460322,156.0629475,155.9949415,155.9196091,155.7972549,155.6878211,155.6153997,155.6833983,155.6233229,155.6144603
240,"OUP(a02,ROW)",domestic production,,,gdp,ROW,156.2911842,156.1460322,156.0629475,155.9949415,155.9196091,155.7972549,155.6878211,155.6153997,155.6833983,155.6233229,155.6144603
241,OUTL(USA),agg. output (lagged),,,gdp,USA,165.8935576,165.8935576,165.5908175,165.5355041,165.5895923,165.5050952,165.4809094,165.4586002,165.3489671,165.3433585,165.3529537
242,OUTL(ROW),agg. output (lagged),,,gdp,ROW,165.8935576,165.8935576,165.5908175,165.5355041,165.5895923,165.5050952,165.4809094,165.4586002,165.3489671,165.3433585,165.3529537
243,OUTP(USA),agg. output Q index to match PRID,,,gdp,USA,165.8935576,165.5908175,165.5355041,165.5895923,165.5050952,165.4809094,165.4586001,165.3489671,165.3433585,165.3529537,165.3491475
244,OUTP(ROW),agg. output Q index to match PRID,,,gdp,ROW,165.8935576,165.5908175,165.5355041,165.5895923,165.5050952,165.4809094,165.4586001,165.3489671,165.3433585,165.3529537,165.3491475
245,OUTX(USA),shock to output target,,,pct,USA,0,0,0,0,0,0,0,0,0,0,0
246,OUTX(ROW),shock to output target,,,pct,ROW,0,0,0,0,0,0,0,0,0,0,0
247,"OUY(g01,USA)",composite supply,,,gdp,USA,11.71261921,11.7556495,11.75376428,11.79509412,11.78557052,11.74172833,11.72968843,11.73240401,11.70935407,11.6990805,11.68845149
248,"OUY(g01,ROW)",composite supply,,,gdp,ROW,11.71261921,11.7556495,11.75376428,11.79509412,11.78557052,11.74172833,11.72968843,11.73240401,11.70935407,11.6990805,11.68845149
249,"OUY(g02,USA)",composite supply,,,gdp,USA,170.019373,171.1793422,170.9033277,170.3099092,170.2322422,169.1860394,168.431492,168.6188173,169.0157156,168.4355637,168.3246599
250,"OUY(g02,ROW)",composite supply,,,gdp,ROW,170.019373,171.1793422,170.9033277,170.3099092,170.2322422,169.1860394,168.431492,168.6188173,169.0157156,168.4355637,168.3246599
251,PBAG(USA),value of permits sold through govt USD,,,gdp,USA,0,0,0,0,0,0,0,0,0,0,0
252,PBAG(ROW),value of permits sold through govt USD,,,gdp,ROW,0,0,0,0,0,0,0,0,0,0,0
253,PBAL(USA),"value of permits sold, USD",,,gdp,USA,0,0,0,0,0,0,0,0,0,0,0
254,PBAL(ROW),"value of permits sold, USD",,,gdp,ROW,0,0,0,0,0,0,0,0,0,0,0
255,PGDP(USA),"GDP, implicit price deflator GDPN/GDPR",,,idx,USA,87.04107436,88.85928809,90.56346946,92.15278982,93.8579587,94.83533788,95.81714851,97.62197841,100,101.7818187,104.0066176
256,PGDP(ROW),"GDP, implicit price deflator GDPN/GDPR",,,idx,ROW,87.04107436,88.85928809,90.56346946,92.15278982,93.8579587,94.83533788,95.81714851,97.62197841,100,101.7818187,104.0066176
257,"PIM(g01,USA,USA)",landed price of IMP,,,idx,USA,100,100,100,100,100,100,100,100,100,100,100
258,"PIM(g01,USA,ROW)",landed price of IMP,,,idx,USA,100,100,100,100,100,100,100,100,100,100,100
259,"PIM(g01,ROW,USA)",landed price of IMP,,,idx,ROW,100,100,100,100,100,100,100,100,100,100,100
260,"PIM(g01,ROW,ROW)",landed price of IMP,,,idx,ROW,100,100,100,100,100,100,100,100,100,100,100
261,"PIM(g02,USA,USA)",landed price of IMP,,,idx,USA,100,100,100,100,100,100,100,100,100,100,100
262,"PIM(g02,USA,ROW)",landed price of IMP,,,idx,USA,100,100,100,100,100,100,100,100,100,100,100
263,"PIM(g02,ROW,USA)",landed price of IMP,,,idx,ROW,100,100,100,100,100,100,100,100,100,100,100
264,"PIM(g02,ROW,ROW)",landed price of IMP,,,idx,ROW,100,100,100,100,100,100,100,100,100,100,100
265,"PMQ(g01,USA)",landed price index for IMQ,,,idx,USA,100,100,100,100,100,100,100,100,100,100,100
266,"PMQ(g01,ROW)",landed price index for IMQ,,,idx,ROW,100,100,100,100,100,100,100,100,100,100,100
267,"PMQ(g02,USA)",landed price index for IMQ,,,idx,USA,100,100,100,100,100,100,100,100,100,100,100
268,"PMQ(g02,ROW)",landed price index for IMQ,,,idx,ROW,100,100,100,100,100,100,100,100,100,100,100
269,"PMR(g01,USA)",price of imports incl tariffs,,,idx,USA,100,100,100,100,100,100,100,100,100,100,100
270,"PMR(g01,ROW)",price of imports incl tariffs,,,idx,ROW,100,100,100,100,100,100,100,100,100,100,100
271,"PMR(g02,USA)",price of imports incl tariffs,,,idx,USA,100,100,100,100,100,100,100,100,100,100,100
272,"PMR(g02,ROW)",price of imports incl tariffs,,,idx,ROW,100,100,100,100,100,100,100,100,100,100,100
273,"POI(a01,USA)",sector price of materials,,,idx,USA,100,100,100,100,100,100,100,100,100,100,100
274,"POI(a01,ROW)",sector price of materials,,,idx,ROW,100,100,100,100,100,100,100,100,100,100,100
275,"POI(a02,USA)",sector price of materials,,,idx,USA,100,100,100,100,100,100,100,100,100,100,100
276,"POI(a02,ROW)",sector price of materials,,,idx,ROW,100,100,100,100,100,100,100,100,100,100,100
277,PRCE(USA),household price of energy,,,idx,USA,100,100,100,100,100,100,100,100,100,100,100
278,PRCE(ROW),household price of energy,,,idx,ROW,100,100,100,100,100,100,100,100,100,100,100
279,PRCL(USA),aggregate price of consumer goods lagged,,,idx,USA,88.49804784,88.49804784,90.74118364,92.46987677,93.71488835,95.08646605,95.28598905,96.25259944,97.95254988,100,101.4516056
280,PRCL(ROW),aggregate price of consumer goods lagged,,,idx,ROW,88.49804784,88.49804784,90.74118364,92.46987677,93.71488835,95.08646605,95.28598905,96.25259944,97.95254988,100,101.4516056
281,PRCO(USA),household price of material,,,idx,USA,100,100,100,100,100,100,100,100,100,100,100
282,PRCO(ROW),household price of material,,,idx,ROW,100,100,100,100,100,100,100,100,100,100,100
283,PRCOL(USA),household price of material - lagged,,,idx,USA,100,100,100,100,100,100,100,100,100,100,100
284,PRCOL(ROW),household price of material - lagged,,,idx,ROW,100,100,100,100,100,100,100,100,100,100,100
285,PRCT(USA),aggregate price of consumer goods,,,idx,USA,88.49804784,90.74118364,92.46987677,93.71488835,95.08646605,95.28598905,96.25259944,97.95254988,100,101.4516056,103.581339
286,PRCT(ROW),aggregate price of consumer goods,,,idx,ROW,88.49804784,90.74118364,92.46987677,93.71488835,95.08646605,95.28598905,96.25259944,97.95254988,100,101.4516056,103.581339
287,"PRD(g01,USA)",post-tax price of goods,,,idx,USA,100,100,100,100,100,100,100,100,100,100,100
288,"PRD(g01,ROW)",post-tax price of goods,,,idx,ROW,100,100,100,100,100,100,100,100,100,100,100
289,"PRD(g02,USA)",post-tax price of goods,,,idx,USA,100,100,100,100,100,100,100,100,100,100,100
290,"PRD(g02,ROW)",post-tax price of goods,,,idx,ROW,100,100,100,100,100,100,100,100,100,100,100
291,PRDL(USA),weighted price of domestic output lag,,,idx,USA,87.04107436,87.04107436,88.85928809,90.56346946,92.15278982,93.8579587,94.83533788,95.81714851,97.62197841,100,101.7818187
292,PRDL(ROW),weighted price of domestic output lag,,,idx,ROW,87.04107436,87.04107436,88.85928809,90.56346946,92.15278982,93.8579587,94.83533788,95.81714851,97.62197841,100,101.7818187
293,PRDX(USA),shock to weighted price of domestic output,,,pct,USA,100,100,100,100,100,100,100,100,100,100,100
294,PRDX(ROW),shock to weighted price of domestic output,,,pct,ROW,100,100,100,100,100,100,100,100,100,100,100
295,"PRE(a01,USA)",sector price of energy,,,idx,USA,100,100,100,100,100,100,100,100,100,100,100
296,"PRE(a01,ROW)",sector price of energy,,,idx,ROW,100,100,100,100,100,100,100,100,100,100,100
297,"PRE(a02,USA)",sector price of energy,,,idx,USA,100,100,100,100,100,100,100,100,100,100,100
298,"PRE(a02,ROW)",sector price of energy,,,idx,ROW,100,100,100,100,100,100,100,100,100,100,100
299,"PRF(a01,USA)",short run profits,,,gdp,USA,1.505791507,1.405078363,1.294713349,1.262364501,1.179341389,1.176973552,1.210663743,1.177293524,1.130656958,1.162684225,1.172326595
300,"PRF(a01,ROW)",short run profits,,,gdp,ROW,1.505791507,1.405078363,1.294713349,1.262364501,1.179341389,1.176973552,1.210663743,1.177293524,1.130656958,1.162684225,1.172326595
301,"PRF(a02,USA)",short run profits,,,gdp,USA,8.147478908,7.548182046,6.655803858,6.277439619,5.647654338,5.533768884,5.703229983,5.484042957,5.20004732,5.377863014,5.445597957
302,"PRF(a02,ROW)",short run profits,,,gdp,ROW,8.147478908,7.548182046,6.655803858,6.277439619,5.647654338,5.533768884,5.703229983,5.484042957,5.20004732,5.377863014,5.445597957
303,PRFT(USA),total economywide profits,,,gdp,USA,8.147478908,7.548182046,6.655803858,6.277439619,5.647654338,5.533768884,5.703229983,5.484042957,5.20004732,5.377863014,5.445597957
304,PRFT(ROW),total economywide profits,,,gdp,ROW,8.147478908,7.548182046,6.655803858,6.277439619,5.647654338,5.533768884,5.703229983,5.484042957,5.20004732,5.377863014,5.445597957
305,PRFY(USA),profits on raw capital sector,,,gdp,USA,0,0,0,0,0,0,0,0,0,0,0
306,PRFY(ROW),profits on raw capital sector,,,gdp,ROW,0,0,0,0,0,0,0,0,0,0,0
307,PRFZ(USA),imputed short run profits on household capital,,,gdp,USA,0,0,0,0,0,0,0,0,0,0,0
308,PRFZ(ROW),imputed short run profits on household capital,,,gdp,ROW,0,0,0,0,0,0,0,0,0,0,0
309,PRGT(USA),aggregate price of government goods,,,idx,USA,87.04107436,88.85928809,90.56346946,92.15278982,93.8579587,94.83533788,95.81714851,97.62197841,100,101.7818187,104.0066176
310,PRGT(ROW),aggregate price of government goods,,,idx,ROW,87.04107436,88.85928809,90.56346946,92.15278982,93.8579587,94.83533788,95.81714851,97.62197841,100,101.7818187,104.0066176
311,PRID(USA),weighted price of domestic output,,,idx,USA,87.04107436,88.85928809,90.56346946,92.15278982,93.8579587,94.83533788,95.81714851,97.62197841,100,101.7818187,104.0066176
312,PRID(ROW),weighted price of domestic output,,,idx,ROW,87.04107436,88.85928809,90.56346946,92.15278982,93.8579587,94.83533788,95.81714851,97.62197841,100,101.7818187,104.0066176
313,PRIE(USA),raw capital sector price of energy,,,idx,USA,100,100,100,100,100,100,100,100,100,100,100
314,PRIE(ROW),raw capital sector price of energy,,,idx,ROW,100,100,100,100,100,100,100,100,100,100,100
315,PRII(USA),price paid by producers for raw capital,,,idx,USA,90.10673832,90.85670183,92.06295269,93.00182964,94.890657,95.6999657,96.03294984,97.80530548,100,101.6773731,103.4211433
316,PRII(ROW),price paid by producers for raw capital,,,idx,ROW,90.10673832,90.85670183,92.06295269,93.00182964,94.890657,95.6999657,96.03294984,97.80530548,100,101.6773731,103.4211433
317,PRIM(USA),weighted price of imports,,,idx,USA,101.7570561,109.4815747,109.6718901,108.175559,107.3186587,98.64607135,95.08094605,97.19291759,100,98.88394715,100.1705012
318,PRIM(ROW),weighted price of imports,,,idx,ROW,101.7570561,109.4815747,109.6718901,108.175559,107.3186587,98.64607135,95.08094605,97.19291759,100,98.88394715,100.1705012
319,PRIX(USA),weighted price of exports,,,idx,USA,94.19137977,100.1393413,100.903793,101.07308,101.178101,96.24755209,94.29917197,96.71606086,100,100.0508321,102.0323096
320,PRIX(ROW),weighted price of exports,,,idx,ROW,94.19137977,100.1393413,100.903793,101.07308,101.178101,96.24755209,94.29917197,96.71606086,100,100.0508321,102.0323096
321,"PRK(a01,USA)",implicit rental price,,,idx,USA,100,100,100,100,100,100,100,100,100,100,100
322,"PRK(a01,ROW)",implicit rental price,,,idx,ROW,100,100,100,100,100,100,100,100,100,100,100
323,"PRK(a02,USA)",implicit rental price,,,idx,USA,100,100,100,100,100,100,100,100,100,100,100
324,"PRK(a02,ROW)",implicit rental price,,,idx,ROW,100,100,100,100,100,100,100,100,100,100,100
325,PRKY(USA),implicit raw capital sector rental price,,,idx,USA,100,100,100,100,100,100,100,100,100,100,100
326,PRKY(ROW),implicit raw capital sector rental price,,,idx,ROW,100,100,100,100,100,100,100,100,100,100,100
327,PRKZ(USA),implicit household rental price,,,idx,USA,100,100,100,100,100,100,100,100,100,100,100
328,PRKZ(ROW),implicit household rental price,,,idx,ROW,100,100,100,100,100,100,100,100,100,100,100
329,PROI(USA),raw capital sector price of material,,,idx,USA,100,100,100,100,100,100,100,100,100,100,100
330,PROI(ROW),raw capital sector price of material,,,idx,ROW,100,100,100,100,100,100,100,100,100,100,100
331,"PRP(a01,USA)",pre-tax producer price,,,idx,USA,100,100,100,100,100,100,100,100,100,100,100
332,"PRP(a01,ROW)",pre-tax producer price,,,idx,ROW,100,100,100,100,100,100,100,100,100,100,100
333,"PRP(a02,USA)",pre-tax producer price,,,idx,USA,100,100,100,100,100,100,100,100,100,100,100
334,"PRP(a02,ROW)",pre-tax producer price,,,idx,ROW,100,100,100,100,100,100,100,100,100,100,100
335,"PRS(g01,USA)",producer price of composite,,,idx,USA,100,100,100,100,100,100,100,100,100,100,100
336,"PRS(g01,ROW)",producer price of composite,,,idx,ROW,100,100,100,100,100,100,100,100,100,100,100
337,"PRS(g02,USA)",producer price of composite,,,idx,USA,100,100,100,100,100,100,100,100,100,100,100
338,"PRS(g02,ROW)",producer price of composite,,,idx,ROW,100,100,100,100,100,100,100,100,100,100,100
339,"PRT(a01,g01,USA)",sector-specific input price,,,idx,USA,100,100,100,100,100,100,100,100,100,100,100
340,"PRT(a01,g01,ROW)",sector-specific input price,,,idx,ROW,100,100,100,100,100,100,100,100,100,100,100
341,"PRT(a02,g01,USA)",sector-specific input price,,,idx,USA,100,100,100,100,100,100,100,100,100,100,100
342,"PRT(a02,g01,ROW)",sector-specific input price,,,idx,ROW,100,100,100,100,100,100,100,100,100,100,100
343,"PRX(g01,USA)",price of exports at source,,,idx,USA,100,100,100,100,100,100,100,100,100,100,100
344,"PRX(g01,ROW)",price of exports at source,,,idx,ROW,100,100,100,100,100,100,100,100,100,100,100
345,"PRX(g02,USA)",price of exports at source,,,idx,USA,100,100,100,100,100,100,100,100,100,100,100
346,"PRX(g02,ROW)",price of exports at source,,,idx,ROW,100,100,100,100,100,100,100,100,100,100,100
347,PRXX(USA),shock to expected price of consumer goods,,,pct,USA,0,0,0,0,0,0,0,0,0,0,0
348,PRXX(ROW),shock to expected price of consumer goods,,,pct,ROW,0,0,0,0,0,0,0,0,0,0,0
349,"PRY(g01,USA)",purchase price of composite,,,idx,USA,100,100,100,100,100,100,100,100,100,100,100
350,"PRY(g01,ROW)",purchase price of composite,,,idx,ROW,100,100,100,100,100,100,100,100,100,100,100
351,"PRY(g02,USA)",purchase price of composite,,,idx,USA,100,100,100,100,100,100,100,100,100,100,100
352,"PRY(g02,ROW)",purchase price of composite,,,idx,ROW,100,100,100,100,100,100,100,100,100,100,100
353,PTAR(USA),price level target,,,idx,USA,100,100,100,100,100,100,100,100,100,100,100
354,PTAR(ROW),price level target,,,idx,ROW,100,100,100,100,100,100,100,100,100,100,100
355,RB10(USA),"interest rate, 10-year, real",,,pct,USA,1.230626735,0.883572262,-0.021782528,0.814460757,1.241042874,0.825163501,0.074063873,0.317006067,0.798270957,0.089134172,-0.250223416
356,RB10(ROW),"interest rate, 10-year, real",,,pct,ROW,1.230626735,0.883572262,-0.021782528,0.814460757,1.241042874,0.825163501,0.074063873,0.317006067,0.798270957,0.089134172,-0.250223416
357,REER(USA),"trade-weighted real exch rate, FC/domestic",,,idx,USA,77.58904379,73.78736341,82.23851507,79.18164285,79.46975876,93.89562364,100.8376082,100.9915198,100,107.4146487,109.9789536
358,REER(ROW),"trade-weighted real exch rate, FC/domestic",,,idx,ROW,77.58904379,73.78736341,82.23851507,79.18164285,79.46975876,93.89562364,100.8376082,100.9915198,100,107.4146487,109.9789536
359,REXC(USA),real exchange rate as US$ per unit of region currency,,,idx,USA,100,100,100,100,100,100,100,100,100,100,100
360,REXC(ROW),real exchange rate as US$ per unit of region currency,,,idx,ROW,100,100,100,100,100,100,100,100,100,100,100
361,REXN(USA),real exchange rate with capital controls,,,idx,USA,100,100,100,100,100,100,100,100,100,100,100
362,REXN(ROW),real exchange rate with capital controls,,,idx,ROW,100,100,100,100,100,100,100,100,100,100,100
363,"RISE(a01,USA)",equity risk premium by sector and region,,,del,USA,0,0,0,0,0,0,0,0,0,0,0
364,"RISE(a01,ROW)",equity risk premium by sector and region,,,del,ROW,0,0,0,0,0,0,0,0,0,0,0
365,"RISE(a02,USA)",equity risk premium by sector and region,,,del,USA,0,0,0,0,0,0,0,0,0,0,0
366,"RISE(a02,ROW)",equity risk premium by sector and region,,,del,ROW,0,0,0,0,0,0,0,0,0,0,0
367,RISH(USA),risk premium for human wealth,,,del,USA,0,0,0,0,0,0,0,0,0,0,0
368,RISH(ROW),risk premium for human wealth,,,del,ROW,0,0,0,0,0,0,0,0,0,0,0
369,RISR(USA),risk premium in the yield curve,,,del,USA,0,0,0,0,0,0,0,0,0,0,0
370,RISR(ROW),risk premium in the yield curve,,,del,ROW,0,0,0,0,0,0,0,0,0,0,0
371,RISW(USA),risk premium for human wealth,,,del,USA,2,2,2,2,2,2,2,2,2,2,2
372,RISW(ROW),risk premium for human wealth,,,del,ROW,2,2,2,2,2,2,2,2,2,2,2
373,RISY(USA),risk premium for raw-capital sector capital,,,del,USA,0,0,0,0,0,0,0,0,0,0,0
374,RISY(ROW),risk premium for raw-capital sector capital,,,del,ROW,0,0,0,0,0,0,0,0,0,0,0
375,RISZ(USA),risk premium for household capital,,,del,USA,0,0,0,0,0,0,0,0,0,0,0
376,RISZ(ROW),risk premium for household capital,,,del,ROW,0,0,0,0,0,0,0,0,0,0,0
377,ROGY(USA),potential output growth target,,,pct,USA,1.4,1.4,1.4,1.4,1.4,1.4,1.4,1.4,1.4,1.4,1.4
378,ROGY(ROW),potential output growth target,,,pct,ROW,1.4,1.4,1.4,1.4,1.4,1.4,1.4,1.4,1.4,1.4,1.4
379,RVGS(USA),revenue from the unit tax on goods to sectors,,,gdp,USA,0,0,0,0,0,0,0,0,0,0,0
380,RVGS(ROW),revenue from the unit tax on goods to sectors,,,gdp,ROW,0,0,0,0,0,0,0,0,0,0,0
381,SAVI(USA),real domestic saving,,,gdp,USA,22.39543133,21.63723075,21.10178489,18.65600784,19.41090467,18.73813227,18.54615856,17.23736774,20.24447903,20.01781861,19.74576454
382,SAVI(ROW),real domestic saving,,,gdp,ROW,22.39543133,21.63723075,21.10178489,18.65600784,19.41090467,18.73813227,18.54615856,17.23736774,20.24447903,20.01781861,19.74576454
383,SAVN(USA),nominal domestic saving,,,gdp,USA,23.8426085,23.09569775,22.49784314,20.12932418,20.24558764,19.56436151,20.06298725,19.19979706,21.71053874,21.84668303,21.65596115
384,SAVN(ROW),nominal domestic saving,,,gdp,ROW,23.8426085,23.09569775,22.49784314,20.12932418,20.24558764,19.56436151,20.06298725,19.19979706,21.71053874,21.84668303,21.65596115
385,SAVT(USA),nominal domestic non-government saving,,,gdp,USA,11.30927516,11.93440743,13.17685548,14.17694323,14.86844479,14.84458129,14.60844179,14.87159193,15.06005331,14.79060826,14.70528851
386,SAVT(ROW),nominal domestic non-government saving,,,gdp,ROW,11.30927516,11.93440743,13.17685548,14.17694323,14.86844479,14.84458129,14.60844179,14.87159193,15.06005331,14.79060826,14.70528851
387,"SHEF(a01,USA)",shock to AEEI,,,pct,USA,0,0,0,0,0,0,0,0,0,0,0
388,"SHEF(a01,ROW)",shock to AEEI,,,pct,ROW,0,0,0,0,0,0,0,0,0,0,0
389,"SHEF(a02,USA)",shock to AEEI,,,pct,USA,0,0,0,0,0,0,0,0,0,0,0
390,"SHEF(a02,ROW)",shock to AEEI,,,pct,ROW,0,0,0,0,0,0,0,0,0,0,0
391,SHEFC(USA),shock to consumption AEEI,,,pct,USA,0,0,0,0,0,0,0,0,0,0,0
392,SHEFC(ROW),shock to consumption AEEI,,,pct,ROW,0,0,0,0,0,0,0,0,0,0,0
393,"SHK(a01,USA)",shock to capital efficiency,,,pct,USA,0,0,0,0,0,0,0,0,0,0,0
394,"SHK(a01,ROW)",shock to capital efficiency,,,pct,ROW,0,0,0,0,0,0,0,0,0,0,0
395,"SHK(a02,USA)",shock to capital efficiency,,,pct,USA,0,0,0,0,0,0,0,0,0,0,0
396,"SHK(a02,ROW)",shock to capital efficiency,,,pct,ROW,0,0,0,0,0,0,0,0,0,0,0
397,SHKC(USA),shock to aggregate consumption,,,gdp,USA,0,0,0,0,0,0,0,0,0,0,0
398,SHKC(ROW),shock to aggregate consumption,,,gdp,ROW,0,0,0,0,0,0,0,0,0,0,0
399,"SHKI(USA,a01)",shock to inv equation,,,gdp,USA,0,0,0,0,0,0,0,0,0,0,0
400,"SHKI(USA,a02)",shock to inv equation,,,gdp,USA,0,0,0,0,0,0,0,0,0,0,0
401,"SHKI(ROW,a01)",shock to inv equation,,,gdp,ROW,0,0,0,0,0,0,0,0,0,0,0
402,"SHKI(ROW,a02)",shock to inv equation,,,gdp,ROW,0,0,0,0,0,0,0,0,0,0,0
403,SHKM(USA),shock to money demand,,,pct,USA,0,0,0,0,0,0,0,0,0,0,0
404,SHKM(ROW),shock to money demand,,,pct,ROW,0,0,0,0,0,0,0,0,0,0,0
405,"SHL(USA,a01)",shock to labor,,,pct,USA,0,0,0,0,0,0,0,0,0,0,0
406,"SHL(USA,a02)",shock to labor,,,pct,USA,0,0,0,0,0,0,0,0,0,0,0
407,"SHL(ROW,a01)",shock to labor,,,pct,ROW,0,0,0,0,0,0,0,0,0,0,0
408,"SHL(ROW,a02)",shock to labor,,,pct,ROW,0,0,0,0,0,0,0,0,0,0,0
409,SHLY(USA),shock to raw capital sector labor,,,pct,USA,0,0,0,0,0,0,0,0,0,0,0
410,SHLY(ROW),shock to raw capital sector labor,,,pct,ROW,0,0,0,0,0,0,0,0,0,0,0
411,SHLZ(USA),shock to household capital sector labor,,,pct,USA,0,0,0,0,0,0,0,0,0,0,0
412,SHLZ(ROW),shock to household capital sector labor,,,pct,ROW,0,0,0,0,0,0,0,0,0,0,0
413,"SHY(a01,USA)",shock to total factor productivity,,,pct,USA,0,0,0,0,0,0,0,0,0,0,0
414,"SHY(a01,ROW)",shock to total factor productivity,,,pct,ROW,0,0,0,0,0,0,0,0,0,0,0
415,"SHY(a02,USA)",shock to total factor productivity,,,pct,USA,0,0,0,0,0,0,0,0,0,0,0
416,"SHY(a02,ROW)",shock to total factor productivity,,,pct,ROW,0,0,0,0,0,0,0,0,0,0,0
417,SHYY(USA),shock to raw capital sector total factor productivity,,,pct,USA,0,0,0,0,0,0,0,0,0,0,0
418,SHYY(ROW),shock to raw capital sector total factor productivity,,,pct,ROW,0,0,0,0,0,0,0,0,0,0,0
419,SHYZ(USA),shock to household capital sector total factor productivity,,,pct,USA,0,0,0,0,0,0,0,0,0,0,0
420,SHYZ(ROW),shock to household capital sector total factor productivity,,,pct,ROW,0,0,0,0,0,0,0,0,0,0,0
421,"STM(a01,USA)",stock market value,,,gdp,USA,40.67135606,40.39927991,40.98067522,41.66795303,41.97377233,42.44458496,42.71915949,42.70125929,42.54652115,42.74060801,42.72629867
422,"STM(a01,ROW)",stock market value,,,gdp,ROW,40.67135606,40.39927991,40.98067522,41.66795303,41.97377233,42.44458496,42.71915949,42.70125929,42.54652115,42.74060801,42.72629867
423,"STM(a02,USA)",stock market value,,,gdp,USA,311.7523434,314.5412927,317.963222,319.0426091,321.5361294,321.5940386,320.5629533,321.5040149,322.9209381,321.9468662,321.6535916
424,"STM(a02,ROW)",stock market value,,,gdp,ROW,311.7523434,314.5412927,317.963222,319.0426091,321.5361294,321.5940386,320.5629533,321.5040149,322.9209381,321.9468662,321.6535916
425,STMT(USA),total stock market value,,,gdp,USA,311.7523434,314.5412927,317.963222,319.0426091,321.5361294,321.5940386,320.5629533,321.5040149,322.9209381,321.9468662,321.6535916
426,STMT(ROW),total stock market value,,,gdp,ROW,311.7523434,314.5412927,317.963222,319.0426091,321.5361294,321.5940386,320.5629533,321.5040149,322.9209381,321.9468662,321.6535916
427,"TAX(g01,USA)",sales tax on composite,,,pct,USA,4.541524765,4.606011018,4.56998076,4.595911932,4.599207428,4.533219111,4.508211548,4.501419853,4.505906404,4.501469497,4.539250314
428,"TAX(g01,ROW)",sales tax on composite,,,pct,ROW,4.541524765,4.606011018,4.56998076,4.595911932,4.599207428,4.533219111,4.508211548,4.501419853,4.505906404,4.501469497,4.539250314
429,"TAX(g02,USA)",sales tax on composite,,,pct,USA,4.541524765,4.606011018,4.56998076,4.595911932,4.599207428,4.533219111,4.508211548,4.501419853,4.505906404,4.501469497,4.539250314
430,"TAX(g02,ROW)",sales tax on composite,,,pct,ROW,4.541524765,4.606011018,4.56998076,4.595911932,4.599207428,4.533219111,4.508211548,4.501419853,4.505906404,4.501469497,4.539250314
431,TAXC(USA),revenue from sales and company taxes,,,gdp,USA,8.871207855,8.886932677,9.087182587,9.227128391,9.404147629,9.214513549,9.033333962,8.617937346,8.061312188,8.087499136,8.151232355
432,TAXC(ROW),revenue from sales and company taxes,,,gdp,ROW,8.871207855,8.886932677,9.087182587,9.227128391,9.404147629,9.214513549,9.033333962,8.617937346,8.061312188,8.087499136,8.151232355
433,TAXE(USA),revenue from externality taxes,,,gdp,USA,0,0,0,0,0,0,0,0,0,0,0
434,TAXE(ROW),revenue from externality taxes,,,gdp,ROW,0,0,0,0,0,0,0,0,0,0,0
435,TAXH(USA),revenue from taxes on wages,,,gdp,USA,8.266666667,9.35483871,9.320987654,10,10.17142857,10.65934066,10.48128342,10.51282051,10.09708738,10.28037383,10.2690583
436,TAXH(ROW),revenue from taxes on wages,,,gdp,ROW,8.266666667,9.35483871,9.320987654,10,10.17142857,10.65934066,10.48128342,10.51282051,10.09708738,10.28037383,10.2690583
437,TAXL(USA),revenue from lump-sum taxes,,,gdp,USA,0,0,0,0,0,0,0,0,0,0,0
438,TAXL(ROW),revenue from lump-sum taxes,,,gdp,ROW,0,0,0,0,0,0,0,0,0,0,0
439,TAXM(USA),tariff revenue,,,gdp,USA,0.062125478,0.067906032,0.0671384,0.064538276,0.0644238,0.060211726,0.057575129,0.058985731,0.060047036,0.057360677,0.055045672
440,TAXM(ROW),tariff revenue,,,gdp,ROW,0.062125478,0.067906032,0.0671384,0.064538276,0.0644238,0.060211726,0.057575129,0.058985731,0.060047036,0.057360677,0.055045672
441,TAXS(USA),exogenous lump sum tax,,,gdp,USA,0,0,0,0,0,0,0,0,0,0,0
442,TAXS(ROW),exogenous lump sum tax,,,gdp,ROW,0,0,0,0,0,0,0,0,0,0,0
443,TAXT(USA),total revenue,,,gdp,USA,17.2,18.30967742,18.47530864,19.29166667,19.64,19.93406593,19.57219251,19.18974359,18.2184466,18.42523364,18.47533632
444,TAXT(ROW),total revenue,,,gdp,ROW,17.2,18.30967742,18.47530864,19.29166667,19.64,19.93406593,19.57219251,19.18974359,18.2184466,18.42523364,18.47533632
445,TAXX(USA),external tax revenue,,,gdp,USA,0,0,0,0,0,0,0,0,0,0,0
446,TAXX(ROW),external tax revenue,,,gdp,ROW,0,0,0,0,0,0,0,0,0,0,0
447,TBAL(USA),"trade surplus, domestic currency",,,gdp,USA,0,0,0,0,0,0,0,0,0,0,0
448,TBAL(ROW),"trade surplus, domestic currency",,,gdp,ROW,0,0,0,0,0,0,0,0,0,0,0
449,TBAU(USA),"trade surplus, USD",,,gdp,USA,0,0,0,0,0,0,0,0,0,0,0
450,TBAU(ROW),"trade surplus, USD",,,gdp,ROW,0,0,0,0,0,0,0,0,0,0,0
451,TBFD(USA),unit tax on energy,,,dollar,USA,0,0,0,0,0,0,0,0,0,0,0
452,TBFD(ROW),unit tax on energy,,,dollar,ROW,0,0,0,0,0,0,0,0,0,0,0
453,TBFI(USA),"unit tax on energy, imports",,,dollar,USA,0,0,0,0,0,0,0,0,0,0,0
454,TBFI(ROW),"unit tax on energy, imports",,,dollar,ROW,0,0,0,0,0,0,0,0,0,0,0
455,TBFX(USA),"unit tax on energy, exports",,,dollar,USA,0,0,0,0,0,0,0,0,0,0,0
456,TBFX(ROW),"unit tax on energy, exports",,,dollar,ROW,0,0,0,0,0,0,0,0,0,0,0
457,TCOR(USA),tax rate on corporate profits,,,pct,USA,3.95480226,3.961485557,4.495412844,4.654956085,5.054545455,4.8,4.462242563,3.648351648,2.402061856,2.454545455,2.427184466
458,TCOR(ROW),tax rate on corporate profits,,,pct,ROW,3.95480226,3.961485557,4.495412844,4.654956085,5.054545455,4.8,4.462242563,3.648351648,2.402061856,2.454545455,2.427184466
459,"TCP(g01,USA)",nonlinear unit tax for CO2,,,dollar,USA,0,0,0,0,0,0,0,0,0,0,0
460,"TCP(g01,ROW)",nonlinear unit tax for CO2,,,dollar,ROW,0,0,0,0,0,0,0,0,0,0,0
461,"TCP(g02,USA)",nonlinear unit tax for CO2,,,dollar,USA,0,0,0,0,0,0,0,0,0,0,0
462,"TCP(g02,ROW)",nonlinear unit tax for CO2,,,dollar,ROW,0,0,0,0,0,0,0,0,0,0,0
463,"TEX(g01,USA)",extern tax on composite,,,pct,USA,0,0,0,0,0,0,0,0,0,0,0
464,"TEX(g01,ROW)",extern tax on composite,,,pct,ROW,0,0,0,0,0,0,0,0,0,0,0
465,"TEX(g02,USA)",extern tax on composite,,,pct,USA,0,0,0,0,0,0,0,0,0,0,0
466,"TEX(g02,ROW)",extern tax on composite,,,pct,ROW,0,0,0,0,0,0,0,0,0,0,0
467,"TIF(g01,USA)",fta tariff rates,,,pct,USA,0,0,0,0,0,0,0,0,0,0,0
468,"TIF(g01,ROW)",fta tariff rates,,,pct,ROW,0,0,0,0,0,0,0,0,0,0,0
469,"TIF(g02,USA)",fta tariff rates,,,pct,USA,0,0,0,0,0,0,0,0,0,0,0
470,"TIF(g02,ROW)",fta tariff rates,,,pct,ROW,0,0,0,0,0,0,0,0,0,0,0
471,"TIM(g01,USA,USA)",multilateral tariff rates,,,pct,USA,0.371295186,0.371295186,0.371295186,0.371295186,0.371295186,0.371295186,0.371295186,0.371295186,0.371295186,0.371295186,0.371295186
472,"TIM(g01,USA,ROW)",multilateral tariff rates,,,pct,USA,0.371295186,0.371295186,0.371295186,0.371295186,0.371295186,0.371295186,0.371295186,0.371295186,0.371295186,0.371295186,0.371295186
473,"TIM(g01,ROW,USA)",multilateral tariff rates,,,pct,ROW,0.371295186,0.371295186,0.371295186,0.371295186,0.371295186,0.371295186,0.371295186,0.371295186,0.371295186,0.371295186,0.371295186
474,"TIM(g01,ROW,ROW)",multilateral tariff rates,,,pct,ROW,0.371295186,0.371295186,0.371295186,0.371295186,0.371295186,0.371295186,0.371295186,0.371295186,0.371295186,0.371295186,0.371295186
475,"TIM(g02,USA,USA)",multilateral tariff rates,,,pct,USA,0.399987153,0.399987153,0.399987153,0.399987153,0.399987153,0.399987153,0.399987153,0.399987153,0.399987153,0.399987153,0.399987153
476,"TIM(g02,USA,ROW)",multilateral tariff rates,,,pct,USA,0.399987153,0.399987153,0.399987153,0.399987153,0.399987153,0.399987153,0.399987153,0.399987153,0.399987153,0.399987153,0.399987153
477,"TIM(g02,ROW,USA)",multilateral tariff rates,,,pct,ROW,0.399987153,0.399987153,0.399987153,0.399987153,0.399987153,0.399987153,0.399987153,0.399987153,0.399987153,0.399987153,0.399987153
478,"TIM(g02,ROW,ROW)",multilateral tariff rates,,,pct,ROW,0.399987153,0.399987153,0.399987153,0.399987153,0.399987153,0.399987153,0.399987153,0.399987153,0.399987153,0.399987153,0.399987153
479,TINC(USA),tax rate on labor income,,,pct,USA,15.65656566,17.61846902,17.61960327,19.02604757,19.24324324,20,19.67871486,19.71153846,19.08256881,19.13043478,19.08333333
480,TINC(ROW),tax rate on labor income,,,pct,ROW,15.65656566,17.61846902,17.61960327,19.02604757,19.24324324,20,19.67871486,19.71153846,19.08256881,19.13043478,19.08333333
481,"TITC(a01,USA)",rate of ITC,,,pct,USA,0,0,0,0,0,0,0,0,0,0,0
482,"TITC(a01,ROW)",rate of ITC,,,pct,ROW,0,0,0,0,0,0,0,0,0,0,0
483,"TITC(a02,USA)",rate of ITC,,,pct,USA,0,0,0,0,0,0,0,0,0,0,0
484,"TITC(a02,ROW)",rate of ITC,,,pct,ROW,0,0,0,0,0,0,0,0,0,0,0
485,TITCH(USA),rate of ITC for households,,,pct,USA,0,0,0,0,0,0,0,0,0,0,0
486,TITCH(ROW),rate of ITC for households,,,pct,ROW,0,0,0,0,0,0,0,0,0,0,0
487,"TIX(g01,USA)",multilateral iceberg costs,,,pct,USA,0,0,0,0,0,0,0,0,0,0,0
488,"TIX(g01,ROW)",multilateral iceberg costs,,,pct,ROW,0,0,0,0,0,0,0,0,0,0,0
489,"TIX(g02,USA)",multilateral iceberg costs,,,pct,USA,0,0,0,0,0,0,0,0,0,0,0
490,"TIX(g02,ROW)",multilateral iceberg costs,,,pct,ROW,0,0,0,0,0,0,0,0,0,0,0
491,"TOB(a01,USA)","marginal q, TOB.NC",,,pct,USA,119.1855685,120.0367455,121.3906231,121.9880884,122.9347923,123.1135998,122.8577568,123.1699591,123.5968153,123.3330335,123.2290123
492,"TOB(a01,ROW)","marginal q, TOB.NC",,,pct,ROW,119.1855685,120.0367455,121.3906231,121.9880884,122.9347923,123.1135998,122.8577568,123.1699591,123.5968153,123.3330335,123.2290123
493,"TOB(a02,USA)","marginal q, TOB.NC",,,pct,USA,119.1855685,120.0367455,121.3906231,121.9880884,122.9347923,123.1135998,122.8577568,123.1699591,123.5968153,123.3330335,123.2290123
494,"TOB(a02,ROW)","marginal q, TOB.NC",,,pct,ROW,119.1855685,120.0367455,121.3906231,121.9880884,122.9347923,123.1135998,122.8577568,123.1699591,123.5968153,123.3330335,123.2290123
495,TOBY(USA),"marginal Q, raw capital sector",,,pct,USA,119.1855685,120.0367455,121.3906231,121.9880884,122.9347923,123.1135998,122.8577568,123.1699591,123.5968153,123.3330335,123.2290123
496,TOBY(ROW),"marginal Q, raw capital sector",,,pct,ROW,119.1855685,120.0367455,121.3906231,121.9880884,122.9347923,123.1135998,122.8577568,123.1699591,123.5968153,123.3330335,123.2290123
497,TOBZ(USA),"marginal Q, households",,,pct,USA,119.1855685,120.0367455,121.3906231,121.9880884,122.9347923,123.1135998,122.8577568,123.1699591,123.5968153,123.3330335,123.2290123
498,TOBZ(ROW),"marginal Q, households",,,pct,ROW,119.1855685,120.0367455,121.3906231,121.9880884,122.9347923,123.1135998,122.8577568,123.1699591,123.5968153,123.3330335,123.2290123
499,"TPA(a01,USA)",partial adjustment q,,,pct,USA,119.1855685,120.0367455,121.3906231,121.9880884,122.9347923,123.1135998,122.8577568,123.1699591,123.5968153,123.3330335,123.2290123
500,"TPA(a01,ROW)",partial adjustment q,,,pct,ROW,119.1855685,120.0367455,121.3906231,121.9880884,122.9347923,123.1135998,122.8577568,123.1699591,123.5968153,123.3330335,123.2290123
501,"TPA(a02,USA)",partial adjustment q,,,pct,USA,119.1855685,120.0367455,121.3906231,121.9880884,122.9347923,123.1135998,122.8577568,123.1699591,123.5968153,123.3330335,123.2290123
502,"TPA(a02,ROW)",partial adjustment q,,,pct,ROW,119.1855685,120.0367455,121.3906231,121.9880884,122.9347923,123.1135998,122.8577568,123.1699591,123.5968153,123.3330335,123.2290123
503,TPAY(USA),"partial adjustment Q, raw capital sector",,,pct,USA,119.1855685,120.0367455,121.3906231,121.9880884,122.9347923,123.1135998,122.8577568,123.1699591,123.5968153,123.3330335,123.2290123
504,TPAY(ROW),"partial adjustment Q, raw capital sector",,,pct,ROW,119.1855685,120.0367455,121.3906231,121.9880884,122.9347923,123.1135998,122.8577568,123.1699591,123.5968153,123.3330335,123.2290123
505,TPAZ(USA),"partial adjustment Q, households",,,pct,USA,119.1855685,120.0367455,121.3906231,121.9880884,122.9347923,123.1135998,122.8577568,123.1699591,123.5968153,123.3330335,123.2290123
506,TPAZ(ROW),"partial adjustment Q, households",,,pct,ROW,119.1855685,120.0367455,121.3906231,121.9880884,122.9347923,123.1135998,122.8577568,123.1699591,123.5968153,123.3330335,123.2290123
507,TRAN(USA),total transfers,,,gdp,USA,8.207231209,8.795287739,7.974259181,6.217929155,6.62432138,6.378530742,6.580150076,5.026537787,5.344237388,5.996883131,6.25390505
508,TRAN(ROW),total transfers,,,gdp,ROW,8.207231209,8.795287739,7.974259181,6.217929155,6.62432138,6.378530742,6.580150076,5.026537787,5.344237388,5.996883131,6.25390505
509,TRANX(USA),exogenous transfers,,,gdp,USA,0,0,0,0,0,0,0,0,0,0,0
510,TRANX(ROW),exogenous transfers,,,gdp,ROW,0,0,0,0,0,0,0,0,0,0,0
511,"TXGS(a01,g01,USA)",unit tax on goods to sectors,,,dollar,USA,0,0,0,0,0,0,0,0,0,0,0
512,"TXGS(a01,g01,ROW)",unit tax on goods to sectors,,,dollar,ROW,0,0,0,0,0,0,0,0,0,0,0
513,"TXGS(a02,g01,USA)",unit tax on goods to sectors,,,dollar,USA,0,0,0,0,0,0,0,0,0,0,0
514,"TXGS(a02,g01,ROW)",unit tax on goods to sectors,,,dollar,ROW,0,0,0,0,0,0,0,0,0,0,0
515,"TXM(g01,USA)",tariff revenue by good,,,gdp,USA,0,0,0,0,0,0,0,0,0,0,0
516,"TXM(g01,ROW)",tariff revenue by good,,,gdp,ROW,0,0,0,0,0,0,0,0,0,0,0
517,"TXM(g02,USA)",tariff revenue by good,,,gdp,USA,0,0,0,0,0,0,0,0,0,0,0
518,"TXM(g02,ROW)",tariff revenue by good,,,gdp,ROW,0,0,0,0,0,0,0,0,0,0,0
519,"WAG(a01,USA)",sector wage,,,idx,USA,100,100,100,100,100,100,100,100,100,100,100
520,"WAG(a01,ROW)",sector wage,,,idx,ROW,100,100,100,100,100,100,100,100,100,100,100
521,"WAG(a02,USA)",sector wage,,,idx,USA,100,100,100,100,100,100,100,100,100,100,100
522,"WAG(a02,ROW)",sector wage,,,idx,ROW,100,100,100,100,100,100,100,100,100,100,100
523,WAGE(USA),wage rate,,,idx,USA,72.66055046,75.50458716,78.62385321,81.00917431,84.86238532,88.99082569,91.37614679,95.41284405,100,105.5045872,110.0917431
524,WAGE(ROW),wage rate,,,idx,ROW,72.66055046,75.50458716,78.62385321,81.00917431,84.86238532,88.99082569,91.37614679,95.41284405,100,105.5045872,110.0917431
525,WAGG(USA),government wage,,,idx,USA,100,100,100,100,100,100,100,100,100,100,100
526,WAGG(ROW),government wage,,,idx,ROW,100,100,100,100,100,100,100,100,100,100,100
527,WELH(USA),human wealth,,,gdp,USA,1060.31746,1041.474654,1037.624927,1013.321995,1016.326531,1015.175301,1018.589254,1019.53602,1019.417476,1034.712951,1036.728593
528,WELH(ROW),human wealth,,,gdp,ROW,1060.31746,1041.474654,1037.624927,1013.321995,1016.326531,1015.175301,1018.589254,1019.53602,1019.417476,1034.712951,1036.728593
529,WELT(USA),total wealth,,,gdp,USA,1603.89559,1596.194091,1599.426666,1576.001386,1582.095898,1580.829196,1584.485168,1587.212511,1589.924718,1605.829385,1611.349961
530,WELT(ROW),total wealth,,,gdp,ROW,1603.89559,1596.194091,1599.426666,1576.001386,1582.095898,1580.829196,1584.485168,1587.212511,1589.924718,1605.829385,1611.349961
531,YGRO(USA),output growth,,,pct,USA,1.4,1.217342738,1.366590743,1.432669361,1.348958949,1.385385559,1.386517645,1.333717913,1.396608001,1.405803026,1.397698065
532,YGRO(ROW),output growth,,,pct,ROW,1.4,1.217342738,1.366590743,1.432669361,1.348958949,1.385385559,1.386517645,1.333717913,1.396608001,1.405803026,1.397698065
533,YRATN(USA),"GDP ratio, nominal",,,pct,USA,100,100,100,100,100,100,100,100,100,100,100
534,YRATN(ROW),"GDP ratio, nominal",,,pct,ROW,100,100,100,100,100,100,100,100,100,100,100
535,YRATP(USA),"GDP ratio, PPP",,,pct,USA,100,100,100,100,100,100,100,100,100,100,100
536,YRATP(ROW),"GDP ratio, PPP",,,pct,ROW,100,100,100,100,100,100,100,100,100,100,100
537,YRATR(USA),"GDP ratio, real",,,pct,USA,100,100,100,100,100,100,100,100,100,100,100
538,YRATR(ROW),"GDP ratio, real",,,pct,ROW,100,100,100,100,100,100,100,100,100,100,100